company_name,product_name,cash_payment,max_installments,min_price_installments,cash_payment_credit_card
Growth Supplements,(top) whey protein concentrado (1kg),99.0,6,18.33,110.0
Growth Supplements,barra de proteína (barrinha de proteína) - display c/ 12 un.,28.08,6,5.2,31.2
Growth Supplements,(top) whey protein isolado (1kg),144.0,6,26.67,160.0
Growth Supplements,barra de proteína com recheio - display c/ 12 un.,43.2,6,8.0,48.0
Growth Supplements,medium whey protein (1kg),61.11,6,11.32,67.9
Growth Supplements,dose whey protein concentrado 30gr,3.96,1,4.4,4.4
Growth Supplements,soy protein (proteína isolada de soja) 1kg,67.5,6,12.5,75.0
Growth Supplements,basic whey protein (1kg),41.4,6,7.67,46.0
Growth Supplements,albumina 1kg,85.5,6,15.83,95.0
Growth Supplements,colágeno hidrolisado (150g),18.9,4,5.25,21.0
Growth Supplements,chocolate fit - display c/ 8un.,24.3,5,5.4,27.0
Growth Supplements,wafer protein 100gr,10.8,2,6.0,12.0
Growth Supplements,blend vegan,75.6,6,14.0,84.0
Growth Supplements,rice protein 1kg (com sabor),75.6,6,14.0,84.0
Growth Supplements,proteína da ervilha 1kg (com sabor),75.6,6,14.0,84.0
Growth Supplements,barra crisp com whey protein - display c/ 12 un.,59.4,6,11.0,66.0
Growth Supplements,colágeno hidrolisado sabor natural (150g),18.9,4,5.25,21.0
Growth Supplements,colágeno hidrolisado 120caps,21.6,4,6.0,24.0
Growth Supplements,barra wafer protein - display c/ 06 un.,59.4,6,11.0,66.0
Growth Supplements,barra de nuts - display c/ 12 un.,43.2,6,8.0,48.0
Growth Supplements,soy protein proteína isolada de soja (sabor natural) (1kg),67.5,6,12.5,75.0
Growth Supplements,rice protein (sabor natural) (1kg),75.6,6,14.0,84.0
Growth Supplements,proteína da carne (1kg) (sabor natural),125.1,6,23.17,139.0
Growth Supplements,(top) whey e egg (sabor natural) (1kg),79.2,6,14.67,88.0
Growth Supplements,proteína da ervilha - pea protein (1kg),75.6,6,14.0,84.0
Growth Supplements,3w whey protein (1kg),144.0,6,26.67,160.0
Growth Supplements,albumina 500g,47.7,6,8.83,53.0
Growth Supplements,whey protein hidrolisado (1kg) (sabor natural),216.0,6,40.0,240.0
Growth Supplements,caseinato de cálcio 1kg,153.0,6,28.33,170.0
Growth Supplements,(top) whey protein concentrado (1kg),99.0,6,18.33,110.0
Growth Supplements,barra de proteína (barrinha de proteína) - display c/ 12 un.,28.08,6,5.2,31.2
Growth Supplements,(top) whey protein isolado (1kg),144.0,6,26.67,160.0
Growth Supplements,barra de proteína com recheio - display c/ 12 un.,43.2,6,8.0,48.0
Growth Supplements,medium whey protein (1kg),61.11,6,11.32,67.9
Growth Supplements,dose whey protein concentrado 30gr,3.96,1,4.4,4.4
Growth Supplements,soy protein (proteína isolada de soja) 1kg,67.5,6,12.5,75.0
Growth Supplements,basic whey protein (1kg),41.4,6,7.67,46.0
Growth Supplements,albumina 1kg,85.5,6,15.83,95.0
Growth Supplements,colágeno hidrolisado (150g),18.9,4,5.25,21.0
Growth Supplements,chocolate fit - display c/ 8un.,24.3,5,5.4,27.0
Growth Supplements,wafer protein 100gr,10.8,2,6.0,12.0
Growth Supplements,blend vegan,75.6,6,14.0,84.0
Growth Supplements,rice protein 1kg (com sabor),75.6,6,14.0,84.0
Growth Supplements,proteína da ervilha 1kg (com sabor),75.6,6,14.0,84.0
Growth Supplements,barra crisp com whey protein - display c/ 12 un.,59.4,6,11.0,66.0
Growth Supplements,colágeno hidrolisado sabor natural (150g),18.9,4,5.25,21.0
Growth Supplements,colágeno hidrolisado 120caps,21.6,4,6.0,24.0
Growth Supplements,barra wafer protein - display c/ 06 un.,59.4,6,11.0,66.0
Growth Supplements,barra de nuts - display c/ 12 un.,43.2,6,8.0,48.0
Growth Supplements,soy protein proteína isolada de soja (sabor natural) (1kg),67.5,6,12.5,75.0
Growth Supplements,rice protein (sabor natural) (1kg),75.6,6,14.0,84.0
Growth Supplements,proteína da carne (1kg) (sabor natural),125.1,6,23.17,139.0
Growth Supplements,(top) whey e egg (sabor natural) (1kg),79.2,6,14.67,88.0
Growth Supplements,proteína da ervilha - pea protein (1kg),75.6,6,14.0,84.0
Growth Supplements,3w whey protein (1kg),144.0,6,26.67,160.0
Growth Supplements,albumina 500g,47.7,6,8.83,53.0
Growth Supplements,whey protein hidrolisado (1kg) (sabor natural),216.0,6,40.0,240.0
Growth Supplements,caseinato de cálcio 1kg,153.0,6,28.33,170.0
Growth Supplements,colágeno tipo 2 40mg - 60 cápsulas,,,,
Growth Supplements,alfajor com whey protein - display c/ 6 un.,,,,
Growth Supplements,creatina monohidratada 250g,79.92,6,14.8,88.8
Growth Supplements,creatina (250g) (creapure®),103.5,6,19.17,115.0
Growth Supplements,creatina (100g) (creapure®),45.0,6,8.33,50.0
Growth Supplements,creatina monohidratada 100g,40.5,6,7.5,45.0
Growth Supplements,l-glutamina (250g),48.6,6,9.0,54.0
Growth Supplements,beta-alanina em pó,63.0,6,11.67,70.0
Growth Supplements,power arginine (120 caps),27.0,6,5.0,30.0
Growth Supplements,bcaa 2:1:1 (120 cáps),22.5,5,5.0,25.0
Growth Supplements,arginina powder 250g,54.9,6,10.17,61.0
Growth Supplements,bcaa (10:1:1) (200g) (em pó),50.4,6,9.33,56.0
Growth Supplements,hmb 90 caps,35.1,6,6.5,39.0
Growth Supplements,l-carnitina (200g),79.2,6,14.67,88.0
Growth Supplements,amino powder 10 - 200g,67.5,6,12.5,75.0
Growth Supplements,triptofano 120 caps,36.0,6,6.67,40.0
Growth Supplements,bcaa (5:1:1) (200g) (em pó),45.9,6,8.5,51.0
Growth Supplements,bcaa 2:1:1 - 120 comprimidos tab,45.0,6,8.33,50.0
Growth Supplements,taurina powder 250g,40.5,6,7.5,45.0
Growth Supplements,bcaa (2:1:1) (200g) (em pó),42.3,6,7.83,47.0
Growth Supplements,bcaa 10:1:1 - 120 comprimidos,63.0,6,11.67,70.0
Growth Supplements,l-leucine (200gr),39.6,6,7.33,44.0
Growth Supplements,triptofano ultra - 120 comp,99.0,6,18.33,110.0
Growth Supplements,beta-alanina 120 comprimidos,,,,
Growth Supplements,l-carnitina líquida 2200 - 420ml,,,,
Growth Supplements,taurina 1000mg 120 comprimidos,,,,
Growth Supplements,hiper mass (1kg) sabor chocolate,36.0,6,6.67,40.0
Growth Supplements,(top) hipercalórico (sabor chocolate) (1kg),49.5,6,9.17,55.0
Growth Supplements,maltodextrina (1kg),18.0,4,5.0,20.0
Growth Supplements,big mass pro hipercalórico 3kg,144.0,6,26.67,160.0
Growth Supplements,dextrose (1kg),18.0,4,5.0,20.0
Growth Supplements,waxy maize (1kg),21.6,4,6.0,24.0
Growth Supplements,palatinose 1kg,76.5,6,14.17,85.0
Growth Supplements,100% batata doce em pó (sabor natural) (1kg),39.6,6,7.33,44.0
Growth Supplements,panqueca proteica growth sabor natural 420gr,39.6,6,7.33,44.0
Growth Supplements,d-ribose 300gr,63.0,6,11.67,70.0
Growth Supplements,(top) whey protein concentrado (1kg),99.0,6,18.33,110.0
Growth Supplements,creatina monohidratada 250g,79.92,6,14.8,88.8
Growth Supplements,creatina (250g) (creapure®),103.5,6,19.17,115.0
Growth Supplements,creatina monohidratada 100g,40.5,6,7.5,45.0
Growth Supplements,(top) whey protein isolado (1kg),144.0,6,26.67,160.0
Growth Supplements,pasta de amendoim integral torrado 1kg,25.2,5,5.6,28.0
Growth Supplements,dose whey protein concentrado 30gr,3.96,1,4.4,4.4
Growth Supplements,soy protein (proteína isolada de soja) 1kg,67.5,6,12.5,75.0
Growth Supplements,pasta de amendoim sabor cookies 500g,25.2,5,5.6,28.0
Growth Supplements,maltodextrina (1kg),18.0,4,5.0,20.0
Growth Supplements,blend vegan,75.6,6,14.0,84.0
Growth Supplements,pasta de amendoim sabor beijinho 500g,25.2,5,5.6,28.0
Growth Supplements,óleo de coco spray 100ml,17.1,3,6.33,19.0
Growth Supplements,rice protein 1kg (com sabor),75.6,6,14.0,84.0
Growth Supplements,pasta de amendoim sabor chocolate branco 500g,25.2,5,5.6,28.0
Growth Supplements,barra de proteína vegana - display c/ 12 un.,43.2,6,8.0,48.0
Growth Supplements,proteína da ervilha 1kg (com sabor),75.6,6,14.0,84.0
Growth Supplements,pasta de amendoim sabor chocolate e coco 500g,25.2,5,5.6,28.0
Growth Supplements,pasta de amendoim sabor chocolate com morango 500g,25.2,5,5.6,28.0
Growth Supplements,dextrose (1kg),18.0,4,5.0,20.0
Growth Supplements,"melatonina 0,21mg (100 comprimidos)",26.1,5,5.8,29.0
Growth Supplements,waxy maize (1kg),21.6,4,6.0,24.0
Growth Supplements,bcaa (10:1:1) (200g) (em pó),50.4,6,9.33,56.0
Growth Supplements,pasta de amendoim crocante 500g,25.2,5,5.6,28.0
Growth Supplements,sleep (melatonina + associações ) 90caps,27.0,6,5.0,30.0
Growth Supplements,palatinose 1kg,76.5,6,14.17,85.0
Growth Supplements,"melatonina 0,21mg (200 comprimidos)",45.0,6,8.33,50.0
Growth Supplements,l-carnitina (200g),79.2,6,14.67,88.0
Growth Supplements,(top) whey e egg (sabor natural) (1kg),79.2,6,14.67,88.0
Growth Supplements,proteína da ervilha - pea protein (1kg),75.6,6,14.0,84.0
Growth Supplements,pasta de amendoim sabor banana 500g,25.2,5,5.6,28.0
Growth Supplements,curcuma longa 120comp,41.4,6,7.67,46.0
Growth Supplements,pasta de amendoim sabor maracujá 500g,25.2,5,5.6,28.0
Growth Supplements,bcaa (5:1:1) (200g) (em pó),45.9,6,8.5,51.0
Growth Supplements,100% batata doce em pó (sabor natural) (1kg),39.6,6,7.33,44.0
Growth Supplements,bcaa 2:1:1 - 120 comprimidos tab,45.0,6,8.33,50.0
Growth Supplements,100% psyllium 320gr,60.3,6,11.17,67.0
Growth Supplements,trans-resveratrol 165mg 60comp,52.2,6,9.67,58.0
Growth Supplements,bcaa (2:1:1) (200g) (em pó),42.3,6,7.83,47.0
Growth Supplements,whey protein hidrolisado (1kg) (sabor natural),216.0,6,40.0,240.0
Growth Supplements,testofen 60caps,135.0,6,25.0,150.0
Growth Supplements,d-ribose 300gr,63.0,6,11.67,70.0
Growth Supplements,chá verde em pó 200g instantâneo (sabor natural),40.5,6,7.5,45.0
Growth Supplements,astaxantina 6mg 60comp,54.0,6,10.0,60.0
Growth Supplements,zeaxantina 60comp,20.7,4,5.75,23.0
Growth Supplements,extrato de café verde 60caps,63.0,6,11.67,70.0
Growth Supplements,vitamina c + zinco efervescente tubete c/ 10 tabs,,,,
Growth Supplements,creatina monohidratada 250g,79.92,6,14.8,88.8
Growth Supplements,creatina (250g) (creapure®),103.5,6,19.17,115.0
Growth Supplements,creatina monohidratada 100g,40.5,6,7.5,45.0
Growth Supplements,pré-treino haze hardcore 300g,103.5,6,19.17,115.0
Growth Supplements,l-glutamina (250g),48.6,6,9.0,54.0
Growth Supplements,beta-alanina em pó,63.0,6,11.67,70.0
Growth Supplements,pasta de amendoim integral torrado 1kg,25.2,5,5.6,28.0
Growth Supplements,soy protein (proteína isolada de soja) 1kg,67.5,6,12.5,75.0
Growth Supplements,maltodextrina (1kg),18.0,4,5.0,20.0
Growth Supplements,pré-treino insanity 300g,108.0,6,20.0,120.0
Growth Supplements,blend vegan,75.6,6,14.0,84.0
Growth Supplements,óleo de coco spray 100ml,17.1,3,6.33,19.0
Growth Supplements,rice protein 1kg (com sabor),75.6,6,14.0,84.0
Growth Supplements,barra de proteína vegana - display c/ 12 un.,43.2,6,8.0,48.0
Growth Supplements,proteína da ervilha 1kg (com sabor),75.6,6,14.0,84.0
Growth Supplements,dextrose (1kg),18.0,4,5.0,20.0
Growth Supplements,"melatonina 0,21mg (100 comprimidos)",26.1,5,5.8,29.0
Growth Supplements,arginina powder 250g,54.9,6,10.17,61.0
Growth Supplements,waxy maize (1kg),21.6,4,6.0,24.0
Growth Supplements,bcaa (10:1:1) (200g) (em pó),50.4,6,9.33,56.0
Growth Supplements,pasta de amendoim crocante 500g,25.2,5,5.6,28.0
Growth Supplements,sleep (melatonina + associações ) 90caps,27.0,6,5.0,30.0
Growth Supplements,palatinose 1kg,76.5,6,14.17,85.0
Growth Supplements,"melatonina 0,21mg (200 comprimidos)",45.0,6,8.33,50.0
Growth Supplements,l-carnitina (200g),79.2,6,14.67,88.0
Growth Supplements,amino powder 10 - 200g,67.5,6,12.5,75.0
Growth Supplements,soy protein proteína isolada de soja (sabor natural) (1kg),67.5,6,12.5,75.0
Growth Supplements,rice protein (sabor natural) (1kg),75.6,6,14.0,84.0
Growth Supplements,proteína da ervilha - pea protein (1kg),75.6,6,14.0,84.0
Growth Supplements,curcuma longa 120comp,41.4,6,7.67,46.0
Growth Supplements,bcaa (5:1:1) (200g) (em pó),45.9,6,8.5,51.0
Growth Supplements,100% batata doce em pó (sabor natural) (1kg),39.6,6,7.33,44.0
Growth Supplements,bcaa 2:1:1 - 120 comprimidos tab,45.0,6,8.33,50.0
Growth Supplements,100% psyllium 320gr,60.3,6,11.17,67.0
Growth Supplements,trans-resveratrol 165mg 60comp,52.2,6,9.67,58.0
Growth Supplements,bcaa (2:1:1) (200g) (em pó),42.3,6,7.83,47.0
Growth Supplements,ácido hialurônico 60 caps veganas haplex,81.0,6,15.0,90.0
Growth Supplements,l-leucine (200gr),39.6,6,7.33,44.0
Growth Supplements,testofen 60caps,135.0,6,25.0,150.0
Growth Supplements,d-ribose 300gr,63.0,6,11.67,70.0
Growth Supplements,optimsm 60 capsulas vegetais,27.0,6,5.0,30.0
Growth Supplements,immuno wellmune 30 cápsulas,32.4,6,6.0,36.0
Growth Supplements,chá verde em pó 200g instantâneo (sabor natural),40.5,6,7.5,45.0
Growth Supplements,astaxantina 6mg 60comp,54.0,6,10.0,60.0
Growth Supplements,zeaxantina 60comp,20.7,4,5.75,23.0
Growth Supplements,multivitaminico vegano 120comp,67.5,6,12.5,75.0
Growth Supplements,extrato de café verde 60caps,63.0,6,11.67,70.0
Growth Supplements,vitamina c + zinco efervescente tubete c/ 10 tabs,,,,
Growth Supplements,ketchup 400g,,,,
Growth Supplements,beta-alanina 120 comprimidos,,,,
Growth Supplements,barbecue 400g,,,,
Growth Supplements,pré-treino challenger (300gr/30treinos) (novo),,,,
Growth Supplements,mostarda rústica 400g,,,,
Growth Supplements,maionese 350g,,,,
Growth Supplements,multivitamínico (120 cáps) (nova fórmula),36.9,6,6.83,41.0
Growth Supplements,óleo de peixe ultra (75 softgel),42.3,6,7.83,47.0
Growth Supplements,óleo de peixe - ômega 3 (75 softgel),25.2,5,5.6,28.0
Growth Supplements,vitamina d ultra (2000ui) 120 caps,27.0,6,5.0,30.0
Growth Supplements,zma (120 caps),22.68,5,5.04,25.2
Growth Supplements,vitamina c (120 caps),14.4,3,5.33,16.0
Growth Supplements,coenzima q10,31.5,6,5.83,35.0
Growth Supplements,polivitaminico mastigavel 120comp,23.4,5,5.2,26.0
Growth Supplements,vitamina b12 com 120 cápsulas,19.8,4,5.5,22.0
Growth Supplements,cloreto de magnésio 120 comp,18.0,4,5.0,20.0
Growth Supplements,vitamina c ultra 450mg (120 caps),36.0,6,6.67,40.0
Growth Supplements,complexo b 120 caps,19.8,4,5.5,22.0
Growth Supplements,vitamina k2 ultra 60 cápsulas,19.8,4,5.5,22.0
Growth Supplements,multi + energy 60soft,54.0,6,10.0,60.0
Growth Supplements,vitamina d (75 cápsulas),13.5,3,5.0,15.0
Growth Supplements,colágeno verisol® 1000mg 120comp,55.8,6,10.33,62.0
Growth Supplements,vitamina c 1000mg 120comp,54.0,6,10.0,60.0
Growth Supplements,óleo de cartamo + coco + chia + cromo + vit. e (75 caps),27.0,6,5.0,30.0
Growth Supplements,multivitaminico ultra 120comp,108.0,6,20.0,120.0
Growth Supplements,hair skin gummy 30un,36.0,6,6.67,40.0
Growth Supplements,cálcio 1500mg + vitamina d3 2000ui + vitamina k2 65 mcg - 120 comp,63.0,6,11.67,70.0
Growth Supplements,picolinato de cromo 120caps,18.0,4,5.0,20.0
Growth Supplements,vitamina c 500mg 120comp,40.5,6,7.5,45.0
Growth Supplements,vitamina e (75caps),13.5,3,5.0,15.0
Growth Supplements,multivitaminico kids gummy 30un,36.0,6,6.67,40.0
Growth Supplements,spirulina (75 cápsulas),27.0,6,5.0,30.0
Growth Supplements,picolinato de cromo ultra 120 comp,36.0,6,6.67,40.0
Growth Supplements,multivitaminico gummy 30un,36.0,6,6.67,40.0
Growth Supplements,óleo de alho (500mg) (75caps),14.4,3,5.33,16.0
Growth Supplements,vitamina e  ultra 120 caps,54.0,6,10.0,60.0
Growth Supplements,hair e nails 120comp,54.0,6,10.0,60.0
Growth Supplements,beauty skin gummy 30un,36.0,6,6.67,40.0
Growth Supplements,imunidade gummy 30un,36.0,6,6.67,40.0
Growth Supplements,óleo de semente de uva (75caps),19.8,4,5.5,22.0
Growth Supplements,fibras gummy 30un,36.0,6,6.67,40.0
Growth Supplements,vitamina d3 gummy 30un,36.0,6,6.67,40.0
Growth Supplements,imunidade kids gummy 30un,36.0,6,6.67,40.0
Growth Supplements,anti-ox 120 caps,18.0,4,5.0,20.0
Growth Supplements,espirulina gummy 30un,36.0,6,6.67,40.0
Growth Supplements,quitosana+psyllium+vit.c+cromo q24 120 caps,31.5,6,5.83,35.0
Growth Supplements,multivitaminico vegano 120comp,67.5,6,12.5,75.0
Growth Supplements,vitamina c + zinco efervescente tubete c/ 10 tabs,,,,
Growth Supplements,hot termogênico (60 comprimidos),69.3,6,12.83,77.0
Growth Supplements,óleo de cartamo + coco + chia + cromo + vit. e (75 caps),27.0,6,5.0,30.0
Growth Supplements,gengibre em po 250gr,21.6,4,6.0,24.0
Growth Supplements,l-carnitina líquida 2200 - 420ml,,,,
Growth Supplements,coqueteleira preta 600ml,8.1,1,9.0,9.0
Growth Supplements,coqueteleira rosa 600ml,8.1,1,9.0,9.0
Growth Supplements,coqueteleira branca 600ml,8.1,1,9.0,9.0
Growth Supplements,coqueteleira 3 compartimentos (com mixball),19.8,4,5.5,22.0
Growth Supplements,coqueteleira azul 600ml,8.1,1,9.0,9.0
Growth Supplements,galão preto 2 litros,20.7,4,5.75,23.0
Growth Supplements,fita strap faixa preta growth (par),35.1,6,6.5,39.0
Growth Supplements,galão transparente 2 litros,20.7,4,5.75,23.0
Growth Supplements,porta comprimido growth supplements,4.5,1,5.0,5.0
Growth Supplements,galão azul turquesa 2 litros,20.7,4,5.75,23.0
Growth Supplements,squeeze growth 800ml,13.5,3,5.0,15.0
Growth Supplements,galão azul 2 litros,20.7,4,5.75,23.0
Growth Supplements,galão rosa 2 litros,20.7,4,5.75,23.0
Growth Supplements,galão lilás 2 litros,20.7,4,5.75,23.0
Growth Supplements,squeeze growth 800ml,13.5,3,5.0,15.0
Growth Supplements,coqueteleira growth premium transparente e azul 700ml,49.5,6,9.17,55.0
Growth Supplements,coqueteleira growth premium preto e azul 700ml,49.5,6,9.17,55.0
Growth Supplements,fita strap faixa azul growth (par),35.1,6,6.5,39.0
Growth Supplements,coqueteleira growth premium transparente e rosa 700ml,49.5,6,9.17,55.0
Growth Supplements,fita strap faixa vermelha growth (par),35.1,6,6.5,39.0
Growth Supplements,galão vermelho 2 litros,20.7,4,5.75,23.0
Growth Supplements,galão transparente e rosa 2 litros,20.7,4,5.75,23.0
Growth Supplements,sacola tipo mochila manuscrito,15.3,3,5.67,17.0
Growth Supplements,galão verde fluorescente 2 litros,20.7,4,5.75,23.0
Growth Supplements,coqueteleira growth premium preto e vermelho 700ml,49.5,6,9.17,55.0
Growth Supplements,coqueteleira growth premium edição haze 700ml,63.0,6,11.67,70.0
Growth Supplements,coqueteleira growth premium transparente e vermelho 700ml,49.5,6,9.17,55.0
Growth Supplements,sacola tipo mochila esmaga,15.3,3,5.67,17.0
Growth Supplements,sacola tipo mochila growth,15.3,3,5.67,17.0
Growth Supplements,sacola tipo mochila pose,15.3,3,5.67,17.0
Growth Supplements,sacola tipo mochila [ the iron never lies ],15.3,3,5.67,17.0
Growth Supplements,faixa de joelho growth (par),117.0,6,21.67,130.0
Growth Supplements,fita strap faixa preta growth manuscrito (par),35.1,6,6.5,39.0
Growth Supplements,luva de treino preta growth (par),58.5,6,10.83,65.0
Growth Supplements,mala growth pose,90.0,6,16.67,100.0
Growth Supplements,bolsa térmica  growth,175.5,6,32.5,195.0
Growth Supplements,mochila master growth,198.0,6,36.67,220.0
Growth Supplements,galão amarelo 2 litros,20.7,4,5.75,23.0
Growth Supplements,marmiteira compacta growth white,148.5,6,27.5,165.0
Growth Supplements,marmiteira compacta growth manuscrito,148.5,6,27.5,165.0
Growth Supplements,bolsa térmica  growth manuscrito,175.5,6,32.5,195.0
Growth Supplements,"sacola tipo mochila cresce, sobe, segura, esmaga.",15.3,3,5.67,17.0
Growth Supplements,mala team growth,90.0,6,16.67,100.0
Growth Supplements,chinelo slide growth,67.5,6,12.5,75.0
Growth Supplements,marmiteira compacta growth,148.5,6,27.5,165.0
Growth Supplements,mochila casual growth,108.0,6,20.0,120.0
Growth Supplements,tênis jogger growth,261.0,6,48.33,290.0
Growth Supplements,multi pack blue growth,72.0,6,13.33,80.0
Growth Supplements,shoulder bag growth manuscrito,58.5,6,10.83,65.0
Growth Supplements,multi pack pink growth,72.0,6,13.33,80.0
Growth Supplements,chinelo slide growth,67.5,6,12.5,75.0
Growth Supplements,sacola tipo mochila the iron never lies,11.7,2,6.5,13.0
Growth Supplements,luva de treino azul growth (par),58.5,6,10.83,65.0
Growth Supplements,shoulder bag emborrachada growth,58.5,6,10.83,65.0
Growth Supplements,chinelo slide growth,67.5,6,12.5,75.0
Growth Supplements,galão laranja 2 litros,20.7,4,5.75,23.0
Growth Supplements,luva de treino vermelha growth (par),58.5,6,10.83,65.0
Growth Supplements,chinelo slide growth,67.5,6,12.5,75.0
Growth Supplements,shoulder bag growth underground,58.5,6,10.83,65.0
Growth Supplements,mala mochila cant stop,198.0,6,36.67,220.0
Growth Supplements,mala mochila growth,198.0,6,36.67,220.0
Growth Supplements,chinelo slide growth,67.5,6,12.5,75.0
Growth Supplements,shoulder bag growth,58.5,6,10.83,65.0
Growth Supplements,chinelo slide growth,67.5,6,12.5,75.0
Growth Supplements,mochila militar growth,270.0,6,50.0,300.0
Growth Supplements,faixa de joelho azul growth (par),117.0,6,21.67,130.0
Growth Supplements,chinelo casual growth,54.0,6,10.0,60.0
Growth Supplements,balança de cozinha,,,,
Growth Supplements,munhequeira faixa de pulso (par),,,,
Growth Supplements,multi pack black growth,,,,
Growth Supplements,faixa de joelho preta growth (par),,,,
Growth Supplements,fita strap faixa preta growth manuscrito (par),35.1,6,6.5,39.0
Growth Supplements,faixa de joelho azul growth (par),117.0,6,21.67,130.0
Growth Supplements,camiseta growth oversized worldwide,117.0,6,21.67,130.0
Growth Supplements,camiseta térmica segunda pele growth,117.0,6,21.67,130.0
Growth Supplements,camiseta térmica segunda pele growth,108.0,6,20.0,120.0
Growth Supplements,regata growth old school team,63.0,6,11.67,70.0
Growth Supplements,calça legging térmica segunda pele growth,90.0,6,16.67,100.0
Growth Supplements,short growth strong flame,81.0,6,15.0,90.0
Growth Supplements,short banho team growth caveira,81.0,6,15.0,90.0
Growth Supplements,boné growth meu ano,63.0,6,11.67,70.0
Growth Supplements,boné growth caveira,63.0,6,11.67,70.0
Growth Supplements,boné growth caveira,63.0,6,11.67,70.0
Growth Supplements,boné growth meu ano,63.0,6,11.67,70.0
Growth Supplements,boné growth meu ano,63.0,6,11.67,70.0
Growth Supplements,boné growth manuscrito,63.0,6,11.67,70.0
Growth Supplements,boné growth no fear,63.0,6,11.67,70.0
Growth Supplements,boné growth the iron,63.0,6,11.67,70.0
Growth Supplements,boné growth man,63.0,6,11.67,70.0
Growth Supplements,boné growth you vs you,63.0,6,11.67,70.0
Growth Supplements,boné growth blue,63.0,6,11.67,70.0
Growth Supplements,boné growth no fear,63.0,6,11.67,70.0
Growth Supplements,boné growth happen,63.0,6,11.67,70.0
Growth Supplements,boné growth respect,63.0,6,11.67,70.0
Growth Supplements,boné growth g flame,63.0,6,11.67,70.0
Growth Supplements,short growth strong flame,81.0,6,15.0,90.0
Growth Supplements,short growth cinza g flame,81.0,6,15.0,90.0
Growth Supplements,short growth preto g flame,81.0,6,15.0,90.0
Growth Supplements,bermuda growth sports black,108.0,6,20.0,120.0
Growth Supplements,camiseta growth sports black white 09,117.0,6,21.67,130.0
Growth Supplements,shorts growth manuscrito,99.0,6,18.33,110.0
Growth Supplements,top growth manuscrito,72.0,6,13.33,80.0
Growth Supplements,short banho growth estilhaço,81.0,6,15.0,90.0
Growth Supplements,cinturão branco growth,162.0,6,30.0,180.0
Growth Supplements,luva de treino vermelha growth (par),58.5,6,10.83,65.0
Growth Supplements,calça jogger growth sports,117.0,6,21.67,130.0
Growth Supplements,short banho growth,81.0,6,15.0,90.0
Growth Supplements,calça jogger growth athletics  g flame,117.0,6,21.67,130.0
Growth Supplements,bermuda growth sacrifice to win,90.0,6,16.67,100.0
Growth Supplements,calça jogger growth sports lisa,117.0,6,21.67,130.0
Growth Supplements,calça jogger growth strong g,117.0,6,21.67,130.0
Growth Supplements,camiseta oversized team growth,108.0,6,20.0,120.0
Growth Supplements,short banho g growth,81.0,6,15.0,90.0
Growth Supplements,short banho g growth,81.0,6,15.0,90.0
Growth Supplements,calça jogger growth sports 09,117.0,6,21.67,130.0
Growth Supplements,luva de treino azul growth (par),58.5,6,10.83,65.0
Growth Supplements,chaveiro growth,9.45,2,5.25,10.5
Growth Supplements,camiseta térmica segunda pele growth,117.0,6,21.67,130.0
Growth Supplements,camiseta térmica segunda pele growth,108.0,6,20.0,120.0
Growth Supplements,regata growth old school estilhaço,63.0,6,11.67,70.0
Growth Supplements,regata growth athletics three,63.0,6,11.67,70.0
Growth Supplements,short banho team growth,81.0,6,15.0,90.0
Growth Supplements,regata growth old school g growth,63.0,6,11.67,70.0
Growth Supplements,regata growth sports 09,108.0,6,20.0,120.0
Growth Supplements,regata team growth skull,63.0,6,11.67,70.0
Growth Supplements,camiseta oversized team growth,108.0,6,20.0,120.0
Growth Supplements,regata machão growth motivation make team,63.0,6,11.67,70.0
Growth Supplements,regata machão growth strong multiplo,63.0,6,11.67,70.0
Growth Supplements,bermuda growth motivation you vs you,90.0,6,16.67,100.0
Growth Supplements,camiseta growth sports 09,117.0,6,21.67,130.0
Growth Supplements,short banho g growth,81.0,6,15.0,90.0
Growth Supplements,camiseta growth sports 09,117.0,6,21.67,130.0
Growth Supplements,regata growth athletics three,63.0,6,11.67,70.0
Growth Supplements,regata growth old school team,63.0,6,11.67,70.0
Growth Supplements,regata growth motivation work,49.5,6,9.17,55.0
Growth Supplements,camiseta growth motivation make team,58.5,6,10.83,65.0
Growth Supplements,bermuda growth motivation you vs you,90.0,6,16.67,100.0
Growth Supplements,camiseta team growth somos todos atletas,72.0,6,13.33,80.0
Growth Supplements,calça moletom growth athletics 3g,180.0,6,33.33,200.0
Growth Supplements,calça moletom growth strong g,180.0,6,33.33,200.0
Growth Supplements,regata growth sports 09,108.0,6,20.0,120.0
Growth Supplements,pulseira vivendo como atleta growth,9.45,2,5.25,10.5
Growth Supplements,calça moletom growth motivation manuscrito,180.0,6,33.33,200.0
Growth Supplements,calça moletom growth strong g,180.0,6,33.33,200.0
Growth Supplements,regata growth sports preta 09,108.0,6,20.0,120.0
Growth Supplements,regata growth sports azul marinho 09,108.0,6,20.0,120.0
Growth Supplements,regata growth strong g college,49.5,6,9.17,55.0
Growth Supplements,moletom growth strong g flames,180.0,6,33.33,200.0
Growth Supplements,regata growth sports black/red 09,108.0,6,20.0,120.0
Growth Supplements,calça moletom growth motivation you vs you,180.0,6,33.33,200.0
Growth Supplements,regata machão growth motivation black,63.0,6,11.67,70.0
Growth Supplements,regata growth sports white 09,108.0,6,20.0,120.0
Growth Supplements,regata machão growth strong black,63.0,6,11.67,70.0
Growth Supplements,moletom growth strong g flames,180.0,6,33.33,200.0
Growth Supplements,regata growth motivation work,49.5,6,9.17,55.0
Growth Supplements,camiseta growth oversized off white,117.0,6,21.67,130.0
Growth Supplements,moletom growth oversized worldwide,243.0,6,45.0,270.0
Growth Supplements,regata growth athletics,49.5,6,9.17,55.0
Growth Supplements,moletom growth motivation make happen,180.0,6,33.33,200.0
Growth Supplements,regata growth athletics,49.5,6,9.17,55.0
Growth Supplements,regata growth sports black 09,108.0,6,20.0,120.0
Growth Supplements,moletom growth athletics,180.0,6,33.33,200.0
Growth Supplements,regata growth strong g college,49.5,6,9.17,55.0
Growth Supplements,regata machão growth athletics preta,63.0,6,11.67,70.0
Growth Supplements,regata team growth club preta,49.5,6,9.17,55.0
Growth Supplements,regata team growth club branca,49.5,6,9.17,55.0
Growth Supplements,regata growth strong world,49.5,6,9.17,55.0
Growth Supplements,regata growth strong worldwide,63.0,6,11.67,70.0
Growth Supplements,regata growth motivation division,49.5,6,9.17,55.0
Growth Supplements,regata growth strong world,49.5,6,9.17,55.0
Growth Supplements,regata growth sports color 09,108.0,6,20.0,120.0
Growth Supplements,regata growth motivation division,49.5,6,9.17,55.0
Growth Supplements,moletom growth motivation you vs you,180.0,6,33.33,200.0
Growth Supplements,camiseta team growth no exercise,72.0,6,13.33,80.0
Growth Supplements,regata growth old school recorte,63.0,6,11.67,70.0
Growth Supplements,regata growth old school manuscrito,63.0,6,11.67,70.0
Growth Supplements,regata growth old school college,63.0,6,11.67,70.0
Growth Supplements,regata growth old school estilhaço,63.0,6,11.67,70.0
Growth Supplements,camiseta team growth caveira,72.0,6,13.33,80.0
Growth Supplements,camiseta growth old school califa,72.0,6,13.33,80.0
Growth Supplements,bermuda growth motivation you vs you,90.0,6,16.67,100.0
Growth Supplements,camiseta basic growth strong world,58.5,6,10.83,65.0
Growth Supplements,moletom preto growth caixa alta,180.0,6,33.33,200.0
Growth Supplements,bermuda growth sports white,90.0,6,16.67,100.0
Growth Supplements,bermuda growth sports black,90.0,6,16.67,100.0
Growth Supplements,regata growth sports 09,108.0,6,20.0,120.0
Growth Supplements,bermuda growth motivation you vs you,90.0,6,16.67,100.0
Growth Supplements,camiseta growth motivation without,58.5,6,10.83,65.0
Growth Supplements,camiseta growth motivation happen,58.5,6,10.83,65.0
Growth Supplements,camiseta growth motivation no dedication,58.5,6,10.83,65.0
Growth Supplements,camiseta growth motivation,58.5,6,10.83,65.0
Growth Supplements,camiseta growth motivation no fear,58.5,6,10.83,65.0
Growth Supplements,camiseta growth motivation respect,58.5,6,10.83,65.0
Growth Supplements,camiseta growth motivation no risk,58.5,6,10.83,65.0
Growth Supplements,camiseta growth motivation without sweat,72.0,6,13.33,80.0
Growth Supplements,camiseta team growth club,58.5,6,10.83,65.0
Growth Supplements,camiseta team growth,72.0,6,13.33,80.0
Growth Supplements,camiseta team growth lifestyle,72.0,6,13.33,80.0
Growth Supplements,camiseta team growth lets go,72.0,6,13.33,80.0
Growth Supplements,camiseta growth athletics preta,58.5,6,10.83,65.0
Growth Supplements,regata growth athletics off white,49.5,6,9.17,55.0
Growth Supplements,moletom branco premium can t stop,180.0,6,33.33,200.0
Growth Supplements,pulseira somos todos atletas somos todos growth,9.45,2,5.25,10.5
Growth Supplements,calça jogger growth sacrifice to win,117.0,6,21.67,130.0
Growth Supplements,calça jogger growth you vs you,117.0,6,21.67,130.0
Growth Supplements,cinturão branco growth g red,162.0,6,30.0,180.0
Growth Supplements,regata basquete cinza claro team growth - edição especial,89.1,6,16.5,99.0
Growth Supplements,cinturão branco growth manuscrito,162.0,6,30.0,180.0
Growth Supplements,bermuda verde musgo military growth - edição limitada,90.0,6,16.67,100.0
Growth Supplements,cinturão growth g red,162.0,6,30.0,180.0
Growth Supplements,boné branco growth área 51,63.0,6,11.67,70.0
Growth Supplements,boné marrom growth life style,63.0,6,11.67,70.0
Growth Supplements,boné preto military growth,63.0,6,11.67,70.0
Growth Supplements,boné camuflado growth desde 09,63.0,6,11.67,70.0
Growth Supplements,boné preto growth hard work,63.0,6,11.67,70.0
Growth Supplements,boné cinza growth bodybuilding,63.0,6,11.67,70.0
Growth Supplements,boné bege growth sports,63.0,6,11.67,70.0
Growth Supplements,boné preto growth sports,63.0,6,11.67,70.0
Growth Supplements,boné preto no days off,63.0,6,11.67,70.0
Growth Supplements,boné verde água growth manuscrito,63.0,6,11.67,70.0
Growth Supplements,meia premium cano alto growth vertical,25.2,5,5.6,28.0
Growth Supplements,meia premium cano alto team growth,25.2,5,5.6,28.0
Growth Supplements,moletom preto premium can t stop,180.0,6,33.33,200.0
Growth Supplements,cueca boxer cinza growth premium,36.0,6,6.67,40.0
Growth Supplements,cueca boxer cinza growth premium,36.0,6,6.67,40.0
Growth Supplements,cueca boxer branca growth premium,36.0,6,6.67,40.0
Growth Supplements,cueca boxer branca growth premium,36.0,6,6.67,40.0
Growth Supplements,bermudão cinza camuflado team growth,90.0,6,16.67,100.0
Growth Supplements,bermudão vermelho camuflado team growth,90.0,6,16.67,100.0
Growth Supplements,moletom premium recorte branco,180.0,6,33.33,200.0
Growth Supplements,moletom premium recorte preto,180.0,6,33.33,200.0
Growth Supplements,jaqueta college growth - edição única,243.0,6,45.0,270.0
Growth Supplements,camiseta preta dry fit team growth,58.5,6,10.83,65.0
Growth Supplements,camiseta futebol americano preta/dourado since 2009 growth - edição especial,117.0,6,21.67,130.0
Growth Supplements,meia premium cano alto branca com faixas,25.2,5,5.6,28.0
Growth Supplements,regata cavada caixa alta preta,49.5,6,9.17,55.0
Growth Supplements,regata caixa alta preta,49.5,6,9.17,55.0
Growth Supplements,regata machão premium caixa alta preta,58.5,6,10.83,65.0
Growth Supplements,cinturão growth manuscrito,162.0,6,30.0,180.0
Growth Supplements,fita strap faixa azul growth (par),35.1,6,6.5,39.0
Growth Supplements,camiseta futebol americano roxa since 2009 growth - edição especial,117.0,6,21.67,130.0
Growth Supplements,luva de treino preta growth (par),58.5,6,10.83,65.0
Growth Supplements,fita strap faixa vermelha growth (par),35.1,6,6.5,39.0
Growth Supplements,regata premium caixa alta preta,58.5,6,10.83,65.0
Growth Supplements,bermuda roxa military growth - edição limitada,90.0,6,16.67,100.0
Growth Supplements,regata premium machão growth the iron preta,58.5,6,10.83,65.0
Growth Supplements,regata premium machão growth the iron branca,58.5,6,10.83,65.0
Growth Supplements,camiseta futebol americano preta since 2009 growth - edição especial,117.0,6,21.67,130.0
Growth Supplements,camiseta branca premium long style growth,58.5,6,10.83,65.0
Growth Supplements,touca gorro team growth,67.5,6,12.5,75.0
Growth Supplements,touca gorro growth,67.5,6,12.5,75.0
Growth Supplements,cueca boxer preta growth premium,36.0,6,6.67,40.0
Growth Supplements,cueca boxer preta growth premium,36.0,6,6.67,40.0
Growth Supplements,regata preta lifestyle,49.5,6,9.17,55.0
Growth Supplements,camiseta preta premium long style growth,58.5,6,10.83,65.0
Growth Supplements,regata off white you vs you,49.5,6,9.17,55.0
Growth Supplements,regata preta you vs you,49.5,6,9.17,55.0
Growth Supplements,camiseta preta you vs you,49.5,6,9.17,55.0
Growth Supplements,camiseta off white you vs you,49.5,6,9.17,55.0
Growth Supplements,camiseta futebol americano azul since 2009 growth - edição especial,117.0,6,21.67,130.0
Growth Supplements,camiseta futebol americano verde since 2009 growth - edição especial,117.0,6,21.67,130.0
Growth Supplements,camiseta premium long cant stop preta,58.5,6,10.83,65.0
Growth Supplements,boné azul growth bodybuilding,63.0,6,11.67,70.0
Growth Supplements,boné azul growth the iron,63.0,6,11.67,70.0
Growth Supplements,boné branco growth baseball,63.0,6,11.67,70.0
Growth Supplements,boné color growth camaleão,63.0,6,11.67,70.0
Growth Supplements,boné preto growth tela camuflada,63.0,6,11.67,70.0
Growth Supplements,regata premium cant stop preta,58.5,6,10.83,65.0
Growth Supplements,camiseta premium long recorte preto,58.5,6,10.83,65.0
Growth Supplements,regata premium estilhaço recorte preto,58.5,6,10.83,65.0
Growth Supplements,regata premium estilhaço recorte branca,58.5,6,10.83,65.0
Growth Supplements,regata premium cant stop branca,58.5,6,10.83,65.0
Growth Supplements,camiseta premium long preta recorte branca,58.5,6,10.83,65.0
Growth Supplements,camiseta premium long cant stop branca,58.5,6,10.83,65.0
Growth Supplements,meia premium cano alto,25.2,5,5.6,28.0
Growth Supplements,camiseta long branca sacrifice to win,58.5,6,10.83,65.0
Growth Supplements,camiseta long branca growth estilhaço,58.5,6,10.83,65.0
Growth Supplements,regata basquete branca team growth 09 - edição especial,89.1,6,16.5,99.0
Growth Supplements,regata basquete azul bodybuilding 2009 growth - edição especial,89.1,6,16.5,99.0
Growth Supplements,camiseta long branca edição área 51,58.5,6,10.83,65.0
Growth Supplements,camiseta long preta edição área 51,58.5,6,10.83,65.0
Growth Supplements,regata basquete vermelho bodybuilding 2009 growth - edição especial,89.1,6,16.5,99.0
Growth Supplements,regata basquete vermelho since 2009 growth - edição especial,89.1,6,16.5,99.0
Growth Supplements,regata basquete branco bodybuilding 2009 growth - edição especial,89.1,6,16.5,99.0
Growth Supplements,regata basquete branco since 2009 growth - edição especial,89.1,6,16.5,99.0
Growth Supplements,regata basquete azul since 2009 growth - edição especial,89.1,6,16.5,99.0
Growth Supplements,regata basquete preta since 2009 growth - edição especial,89.1,6,16.5,99.0
Growth Supplements,boné azul logo growth,63.0,6,11.67,70.0
Growth Supplements,boné cinza claro lifestyle,63.0,6,11.67,70.0
Growth Supplements,camisa premium baseball growth red - edição limitada,112.5,6,20.83,125.0
Growth Supplements,camisa premium baseball growth blue - edição limitada,112.5,6,20.83,125.0
Growth Supplements,cinturão branco team growth the iron never lies,162.0,6,30.0,180.0
Growth Supplements,regata cavada premium long growth man vermelho,63.0,6,11.67,70.0
Growth Supplements,regata cavada premium long growth man preto,63.0,6,11.67,70.0
Growth Supplements,camiseta premium long growth man vermelho,67.5,6,12.5,75.0
Growth Supplements,camiseta long -manga japonesa-  preta growth vertical,58.5,6,10.83,65.0
Growth Supplements,regata cavada premium long growth man branca,63.0,6,11.67,70.0
Growth Supplements,regata cavada premium long growth man azul,63.0,6,11.67,70.0
Growth Supplements,bermuda verde military growth - edição limitada,90.0,6,16.67,100.0
Growth Supplements,bermuda vermelho military growth - edição limitada,90.0,6,16.67,100.0
Growth Supplements,regata off growth classic - edição limitada,49.5,6,9.17,55.0
Growth Supplements,camiseta premium long growth the iron preta,67.5,6,12.5,75.0
Growth Supplements,camiseta premium long growth the iron branca,67.5,6,12.5,75.0
Growth Supplements,camiseta premium long growth man preta,67.5,6,12.5,75.0
Growth Supplements,camiseta premium long growth the iron vermelho,67.5,6,12.5,75.0
Growth Supplements,camiseta premium long growth the iron azul,67.5,6,12.5,75.0
Growth Supplements,cinturão preto team growth the iron never lies,162.0,6,30.0,180.0
Growth Supplements,camiseta premium long growth man azul,67.5,6,12.5,75.0
Growth Supplements,camiseta premium long growth man branca,67.5,6,12.5,75.0
Growth Supplements,camiseta long preta growth vertical,58.5,6,10.83,65.0
Growth Supplements,boné edição limitada área 51,63.0,6,11.67,70.0
Growth Supplements,camiseta preto off growth classic - edição limitada,49.5,6,9.17,55.0
Growth Supplements,camiseta off growth classic - edição limitada,49.5,6,9.17,55.0
Growth Supplements,cinturão vermelho team growth the iron never lies,162.0,6,30.0,180.0
Growth Supplements,cinturão growth,162.0,6,30.0,180.0
Growth Supplements,camiseta branca manga longa the iron never lies,49.5,6,9.17,55.0
Growth Supplements,regata preta off growth classic - edição limitada,49.5,6,9.17,55.0
Growth Supplements,camiseta premium long preta do you scares,58.5,6,10.83,65.0
Growth Supplements,regata preta growth halter,36.0,6,6.67,40.0
Growth Supplements,camiseta preta manga longa the iron never lies,49.5,6,9.17,55.0
Growth Supplements,regata preta the iron never lies,36.0,6,6.67,40.0
Growth Supplements,"regata preta cresce, sobe, segura, esmaga.",36.0,6,6.67,40.0
Growth Supplements,regata preta trademark,36.0,6,6.67,40.0
Growth Supplements,bermudão vermelho old growth,76.5,6,14.17,85.0
Growth Supplements,bermudão old growth branco,76.5,6,14.17,85.0
Growth Supplements,bermudão preto classic growth - edição limitada,76.5,6,14.17,85.0
Growth Supplements,jaqueta preta corta vento g branco,108.0,6,20.0,120.0
Growth Supplements,camiseta a boca mente o shape não! - gorgonoid,76.5,6,14.17,85.0
Growth Supplements,bermudão old growth vermelho,76.5,6,14.17,85.0
Growth Supplements,bermudão branco classic growth - edição limitada,76.5,6,14.17,85.0
Growth Supplements,camiseta preta growth trademark,40.5,6,7.5,45.0
Growth Supplements,camiseta preta logo brasil,40.5,6,7.5,45.0
Growth Supplements,camiseta preta g brasil,40.5,6,7.5,45.0
Growth Supplements,camiseta preta the iron never lies,40.5,6,7.5,45.0
Growth Supplements,strap grip em couro growth (par),89.1,6,16.5,99.0
Growth Supplements,jaqueta preta corta vento the iron never lies,108.0,6,20.0,120.0
Growth Supplements,strap com munhequeira growth (par),53.1,6,9.83,59.0
Growth Supplements,fita strap faixa preta growth (par),35.1,6,6.5,39.0
Growth Supplements,camiseta dry-fit preta pose,58.5,6,10.83,65.0
Growth Supplements,jaqueta preta corta vento esmaga,108.0,6,20.0,120.0
Growth Supplements,camiseta dry-fit preta esmaga,58.5,6,10.83,65.0
Growth Supplements,faixa de joelho growth (par),117.0,6,21.67,130.0
Growth Supplements,cinturão couro growth - somos todos atletas somos todos growth,162.0,6,30.0,180.0
Growth Supplements,boné salmão desde 2009,63.0,6,11.67,70.0
Growth Supplements,boné preto camurça pose,63.0,6,11.67,70.0
Growth Supplements,boné preto texturizado emblema growth,63.0,6,11.67,70.0
Growth Supplements,boné cinza mescla desde 2009,63.0,6,11.67,70.0
Growth Supplements,boné cinza logo manuscrito laranja,63.0,6,11.67,70.0
Growth Supplements,boné bege tem growth,63.0,6,11.67,70.0
Growth Supplements,boné vermelho team growth,63.0,6,11.67,70.0
Growth Supplements,boné preto team growth,63.0,6,11.67,70.0
Growth Supplements,boné branco gelo emblema growth,63.0,6,11.67,70.0
Growth Supplements,boné preto emblema growth,63.0,6,11.67,70.0
Growth Supplements,boné cinza claro g growth,63.0,6,11.67,70.0
Growth Supplements,boné preto g growth,63.0,6,11.67,70.0
Growth Supplements,short cinza mescla ad recorte logo growth,89.1,6,16.5,99.0
Growth Supplements,calça feminina jogger tactel gelo,98.1,6,18.17,109.0
Growth Supplements,regata preta growth retangulo,36.0,6,6.67,40.0
Growth Supplements,camiseta preta retângulo vermelho,40.5,6,7.5,45.0
Growth Supplements,camiseta preta negativa,40.5,6,7.5,45.0
Growth Supplements,regata preta negativa,36.0,6,6.67,40.0
Growth Supplements,regata basquete preta logo branco growth desde 2009,94.5,6,17.5,105.0
Growth Supplements,regata basquete azul logo vermelho growth desde 2009,94.5,6,17.5,105.0
Growth Supplements,regata basquete preta logo vermelho growth desde 2009,94.5,6,17.5,105.0
Growth Supplements,legging preta tela manuscrito,99.0,6,18.33,110.0
Growth Supplements,regata basquete branca com preto growth desde 2009,94.5,6,17.5,105.0
Growth Supplements,regata basquete vermelha com preta growth desde 2009,94.5,6,17.5,105.0
Growth Supplements,regata basquete azul com preto growth desde 2009,94.5,6,17.5,105.0
Growth Supplements,regata preta growth g,36.0,6,6.67,40.0
Growth Supplements,regata preta growth winners,36.0,6,6.67,40.0
Growth Supplements,regata preta growth champions,36.0,6,6.67,40.0
Growth Supplements,camiseta champions,40.5,6,7.5,45.0
Growth Supplements,camiseta winners train,40.5,6,7.5,45.0
Growth Supplements,camiseta g branco,40.5,6,7.5,45.0
Growth Supplements,camiseta g vermelho,40.5,6,7.5,45.0
Growth Supplements,regata preta growth insane squad,36.0,6,6.67,40.0
Growth Supplements,regata sons of the iron,36.0,6,6.67,40.0
Growth Supplements,camiseta sons of the iron,40.5,6,7.5,45.0
Growth Supplements,camiseta go hard go home,40.5,6,7.5,45.0
Growth Supplements,camiseta insane squad,40.5,6,7.5,45.0
Growth Supplements,regata preta growth go hard,36.0,6,6.67,40.0
Growth Supplements,calça jogger growth basic escudo,117.0,6,21.67,130.0
Growth Supplements,calça jogger growth com fita,117.0,6,21.67,130.0
Growth Supplements,calça jogger growth basic,117.0,6,21.67,130.0
Growth Supplements,cinturão couro growth supplements - team growth,162.0,6,30.0,180.0
Growth Supplements,top preto nadador logo growth,72.0,6,13.33,80.0
Growth Supplements,top v growth,72.0,6,13.33,80.0
Growth Supplements,legging growth rede,117.0,6,21.67,130.0
Growth Supplements,legging preta logo growth,99.0,6,18.33,110.0
Growth Supplements,top growth bordo,72.0,6,13.33,80.0
Growth Supplements,legging growth bordo,117.0,6,21.67,130.0
Growth Supplements,legging growth g verde,99.0,6,18.33,110.0
Growth Supplements,top growth g verde,72.0,6,13.33,80.0
Growth Supplements,top growth cinza,72.0,6,13.33,80.0
Growth Supplements,legging growth cinza,99.0,6,18.33,110.0
Growth Supplements,top growth g rosa,72.0,6,13.33,80.0
Growth Supplements,legging growth g rosa,99.0,6,18.33,110.0
Growth Supplements,top team growth,72.0,6,13.33,80.0
Growth Supplements,legging team growth,99.0,6,18.33,110.0
Growth Supplements,boné cor verde água,63.0,6,11.67,70.0
Growth Supplements,camiseta caveira treino qual sua desculpa,40.5,6,7.5,45.0
Growth Supplements,camiseta caveira treino talk less,40.5,6,7.5,45.0
Growth Supplements,camiseta caveira somos todos growth,40.5,6,7.5,45.0
Growth Supplements,camiseta caveira esmaga,40.5,6,7.5,45.0
Growth Supplements,camiseta growth social club,58.5,6,10.83,65.0
Growth Supplements,regata preta growth talk less,36.0,6,6.67,40.0
Growth Supplements,regata preta growth qual é a sua desculpa,36.0,6,6.67,40.0
Growth Supplements,regata preta growth somos todos atletas,36.0,6,6.67,40.0
Growth Supplements,regata preta growth esmaga,36.0,6,6.67,40.0
Growth Supplements,camiseta de treino dry-fit cor branca com gzão,58.5,6,10.83,65.0
Growth Supplements,camiseta de treino dry-fit cor preta com caveira,58.5,6,10.83,65.0
Growth Supplements,"boné - cresce, sobe, segura, esmaga",54.0,6,10.0,60.0
Growth Supplements,boné texturizado quadrado com logo g,63.0,6,11.67,70.0
Growth Supplements,boné frase desde 2009 detalhe vermelho,63.0,6,11.67,70.0
Growth Supplements,boné camuflado 5 estrelas,63.0,6,11.67,70.0
Growth Supplements,boné preto texturizado frase desde 2009,63.0,6,11.67,70.0
Growth Supplements,boné camuflado com g branco,54.0,6,10.0,60.0
Growth Supplements,regata cavada,13.5,3,5.0,15.0
Growth Supplements,camiseta (cam preta),13.5,3,5.0,15.0
Growth Supplements,regata (reg preta),13.5,3,5.0,15.0
Growth Supplements,faixa de joelho preta growth (par),,,,
Growth Supplements,strap gancho growth (par),,,,
Growth Supplements,munhequeira faixa de pulso (par),,,,
Growth Supplements,cafeína 200mg 120comp,45.0,6,8.33,50.0
Growth Supplements,multivitaminico vegano 120comp,67.5,6,12.5,75.0
Growth Supplements,hair e nails 120comp,54.0,6,10.0,60.0
Growth Supplements,multivitaminico ultra 120comp,108.0,6,20.0,120.0
Growth Supplements,biotina 200comp,22.5,5,5.0,25.0
Growth Supplements,gfocus 300g,198.0,6,36.67,220.0
Growth Supplements,extrato de café verde 60caps,63.0,6,11.67,70.0
Growth Supplements,sleep (melatonina + associações ) 90caps,27.0,6,5.0,30.0
Growth Supplements,multi + energy 60soft,54.0,6,10.0,60.0
Growth Supplements,levagen (pea) 60caps,135.0,6,25.0,150.0
Growth Supplements,eggshell (membrana da casca do ovo) 60caps,72.0,6,13.33,80.0
Growth Supplements,testofen 60caps,135.0,6,25.0,150.0
Growth Supplements,fosfatidilserina 200mg 60caps,71.1,6,13.17,79.0
Growth Supplements,fosfatidilserina 400mg 60caps,134.1,6,24.83,149.0
Growth Supplements,"melatonina 0,21mg (100 comprimidos)",26.1,5,5.8,29.0
Growth Supplements,cafeína 100mg 120comp,24.3,5,5.4,27.0
Growth Supplements,zeaxantina 60comp,20.7,4,5.75,23.0
Growth Supplements,100% psyllium 320gr,60.3,6,11.17,67.0
Growth Supplements,nac (n-acetil l-cisteína) 60caps,36.0,6,6.67,40.0
Growth Supplements,colágeno verisol® 1000mg 120comp,55.8,6,10.33,62.0
Growth Supplements,vitamina c 1000mg 120comp,54.0,6,10.0,60.0
Growth Supplements,vitamina c 500mg 120comp,40.5,6,7.5,45.0
Growth Supplements,trans-resveratrol 165mg 60comp,52.2,6,9.67,58.0
Growth Supplements,curcuma longa 120comp,41.4,6,7.67,46.0
Growth Supplements,"óleo de linhaça, óleo de prímula e óleo de borragem 60soft",27.0,6,5.0,30.0
Growth Supplements,óleo de krill 60soft,68.4,6,12.67,76.0
Growth Supplements,óleo de peixe sabor cereja 60soft,14.4,3,5.33,16.0
Growth Supplements,óleo de peixe sabor menta 60soft,32.4,6,6.0,36.0
Growth Supplements,dha óleo de peixe 60soft,49.5,6,9.17,55.0
Growth Supplements,extrato de laranja moro e cromo 60soft,56.7,6,10.5,63.0
Growth Supplements,resveratrol e zinco 60soft,45.0,6,8.33,50.0
Growth Supplements,betacaroteno 60soft,14.4,3,5.33,16.0
Growth Supplements,"melatonina 0,21mg (200 comprimidos)",45.0,6,8.33,50.0
Growth Supplements,astaxantina 6mg 60comp,54.0,6,10.0,60.0
Growth Supplements,"óleo de cártamo, quitosana e laranja amarga 120 cápsulas",57.6,6,10.67,64.0
Growth Supplements,licopeno e selênio 60 cápsulas,20.7,4,5.75,23.0
Growth Supplements,luteína e óleo de peixe 60 cápsulas,20.7,4,5.75,23.0
Growth Supplements,óleo de linhaça 60 cápsulas,19.8,4,5.5,22.0
Growth Supplements,própolis 60 cápsulas,18.0,4,5.0,20.0
Growth Supplements,immuno wellmune 30 cápsulas,32.4,6,6.0,36.0
Growth Supplements,lecitina de soja 120 cápsulas,29.7,6,5.5,33.0
Growth Supplements,biotina 120 cápsulas,22.5,5,5.0,25.0
Growth Supplements,coenzima q10 100mg - 60 cápsulas,54.0,6,10.0,60.0
Growth Supplements,lactase 10.000fcc 60 caps,49.5,6,9.17,55.0
Growth Supplements,ácido hialurônico 60 caps veganas haplex,81.0,6,15.0,90.0
Growth Supplements,optimsm 60 capsulas vegetais,27.0,6,5.0,30.0
Growth Supplements,growth skin 240g (colágeno tipo 1 + colágeno verisol® + ácido hialurônico + vitamina c),,,,
